{
  "users": [
    {
      "pk": "67456466860",
      "pk_id": "67456466860",
      "id": "67456466860",
      "username": "pureetureegrren",
      "full_name": "",
      "is_private": true,
      "fbid_v2": "17841467525802058",
      "third_party_downloads_enabled": 0,
      "strong_id__": "67456466860",
      "profile_pic_id": "3388003823187157457_67456466860",
      "profile_pic_url": "https://scontent-lga3-2.cdninstagram.com/v/t51.2885-19/448225365_981107416658873_3530677030712194869_n.jpg?stp=dst-jpg_s150x150&_nc_ht=scontent-lga3-2.cdninstagram.com&_nc_cat=105&_nc_ohc=9aXw7GWG29EQ7kNvgE9PsyR&edm=APQMUHMBAAAA&ccb=7-5&oh=00_AYBsymKe0maKAjkaJcR10uyMB4r1ztBAtRSswE2hID8mNw&oe=666E90B3&_nc_sid=6ff7c8",
      "is_verified": false,
      "has_anonymous_profile_picture": false,
      "account_badges": [],
      "latest_reel_media": 0
    },
    {
      "pk": "67088196248",
      "pk_id": "67088196248",
      "id": "67088196248",
      "username": "dann.ytta",
      "full_name": "",
      "is_private": true,
      "fbid_v2": "17841467087456024",
      "third_party_downloads_enabled": 0,
      "strong_id__": "67088196248",
      "profile_pic_id": "3388193710400810946_67088196248",
      "profile_pic_url": "https://scontent-lga3-2.cdninstagram.com/v/t51.2885-19/448159452_894838172450452_5049793295994663061_n.jpg?stp=dst-jpg_s150x150&_nc_ht=scontent-lga3-2.cdninstagram.com&_nc_cat=104&_nc_ohc=l-CcGk5kzJYQ7kNvgEkeBAR&edm=APQMUHMBAAAA&ccb=7-5&oh=00_AYBjkFLOwIyKz4P_JqR-a8UyBriYccNvc5gzwQcxgNlkIQ&oe=666E651B&_nc_sid=6ff7c8",
      "is_verified": false,
      "has_anonymous_profile_picture": false,
      "account_badges": [],
      "latest_reel_media": 0
    },
    {
      "pk": "67471889140",
      "pk_id": "67471889140",
      "id": "67471889140",
      "username": "phong_g_g",
      "full_name": "Phạm Thanh Phong",
      "is_private": false,
      "fbid_v2": "17841467474203986",
      "third_party_downloads_enabled": 0,
      "strong_id__": "67471889140",
      "profile_pic_id": "3387400024840792113_67471889140",
      "profile_pic_url": "https://scontent-lga3-1.cdninstagram.com/v/t51.2885-19/448166358_426276773564762_6552492298953572528_n.jpg?stp=dst-jpg_s150x150&_nc_ht=scontent-lga3-1.cdninstagram.com&_nc_cat=102&_nc_ohc=fjHHlUFsE-8Q7kNvgHH0pTo&edm=APQMUHMBAAAA&ccb=7-5&oh=00_AYBgxrJz0-izEc9AyoxsxTa3cZ2FnYvpJRsuqus48DnizA&oe=666E6740&_nc_sid=6ff7c8",
      "is_verified": false,
      "has_anonymous_profile_picture": false,
      "account_badges": [],
      "latest_reel_media": 0
    },
    {
      "pk": "67089411850",
      "pk_id": "67089411850",
      "id": "67089411850",
      "username": "loga.nlopez02",
      "full_name": "Logan Lopez",
      "is_private": true,
      "fbid_v2": "17841467075516176",
      "third_party_downloads_enabled": 0,
      "strong_id__": "67089411850",
      "profile_pic_id": "3388240846736931178_67089411850",
      "profile_pic_url": "https://scontent-lga3-1.cdninstagram.com/v/t51.2885-19/448217823_1004426634376930_895277832359876848_n.jpg?stp=dst-jpg_s150x150&_nc_ht=scontent-lga3-1.cdninstagram.com&_nc_cat=110&_nc_ohc=90SStj7Hod8Q7kNvgHbb54z&edm=APQMUHMBAAAA&ccb=7-5&oh=00_AYBkrpQbeE8Ve7L9FuikLipGv2EeG7rywD_G6_WmL19log&oe=666E722C&_nc_sid=6ff7c8",
      "is_verified": false,
      "has_anonymous_profile_picture": false,
      "account_badges": [],
      "latest_reel_media": 0
    },
    {
      "pk": "6168207671",
      "pk_id": "6168207671",
      "id": "6168207671",
      "username": "ytrtreragfbfb9860",
      "full_name": "Bitter",
      "is_private": false,
      "fbid_v2": "17841406230151025",
      "third_party_downloads_enabled": 0,
      "strong_id__": "6168207671",
      "profile_pic_id": "3387469770150744590_6168207671",
      "profile_pic_url": "https://scontent-lga3-1.cdninstagram.com/v/t51.2885-19/448012775_449242037804927_4533800276656259014_n.jpg?stp=dst-jpg_s150x150&_nc_ht=scontent-lga3-1.cdninstagram.com&_nc_cat=111&_nc_ohc=Avn3axCHAtkQ7kNvgFAR-95&edm=APQMUHMBAAAA&ccb=7-5&oh=00_AYAQGSrMc0LEXZ2HCrRWmbkvUansf4qZeXyoHzys1cj4xA&oe=666E7778&_nc_sid=6ff7c8",
      "is_verified": false,
      "has_anonymous_profile_picture": false,
      "account_badges": [],
      "latest_reel_media": 0
    },
    {
      "pk": "67078003229",
      "pk_id": "67078003229",
      "id": "67078003229",
      "username": "gavinvnklsn",
      "full_name": "",
      "is_private": false,
      "fbid_v2": "17841467056884750",
      "third_party_downloads_enabled": 0,
      "strong_id__": "67078003229",
      "profile_pic_id": "3386323765988164568_67078003229",
      "profile_pic_url": "https://scontent-lga3-1.cdninstagram.com/v/t51.2885-19/448102253_1018705012925454_9127295710620623944_n.jpg?stp=dst-jpg_s150x150&_nc_ht=scontent-lga3-1.cdninstagram.com&_nc_cat=106&_nc_ohc=dVn7a8rdDFcQ7kNvgFyqeUd&edm=APQMUHMBAAAA&ccb=7-5&oh=00_AYDWISHG6yIMTMrqZEB-watOo-6-S7Jl5tI3xzylIjFUrQ&oe=666E87FE&_nc_sid=6ff7c8",
      "is_verified": false,
      "has_anonymous_profile_picture": false,
      "account_badges": [],
      "latest_reel_media": 0
    },
    {
      "pk": "67275609992",
      "pk_id": "67275609992",
      "id": "67275609992",
      "username": "smokerwarren",
      "full_name": "Warren Smoker",
      "is_private": false,
      "fbid_v2": "17841467259769451",
      "third_party_downloads_enabled": 0,
      "strong_id__": "67275609992",
      "profile_pic_url": "https://instagram.fayt1-1.fna.fbcdn.net/v/t51.2885-19/44884218_345707102882519_2446069589734326272_n.jpg?_nc_ht=instagram.fayt1-1.fna.fbcdn.net&_nc_cat=1&_nc_ohc=AmQvQC__QvEQ7kNvgE2WAdz&edm=AJ9x6zYBAAAA&ccb=7-5&ig_cache_key=YW5vbnltb3VzX3Byb2ZpbGVfcGlj.2-ccb7-5&oh=00_AYBdfBJa9IEsq0BoESrYrUmuCzg2AqemNLXdIFawtZguAw&oe=666E82CF&_nc_sid=65462d",
      "is_verified": false,
      "has_anonymous_profile_picture": true,
      "account_badges": [],
      "latest_reel_media": 1718085703
    },
    {
      "pk": "66984519172",
      "pk_id": "66984519172",
      "id": "66984519172",
      "username": "scottsummerlin_2",
      "full_name": "Scott Summerlin",
      "is_private": false,
      "fbid_v2": "17841467175163064",
      "third_party_downloads_enabled": 0,
      "strong_id__": "66984519172",
      "profile_pic_id": "3378939726269176110_66984519172",
      "profile_pic_url": "https://scontent-lga3-1.cdninstagram.com/v/t51.2885-19/446976236_486296720628068_7199183356879426753_n.jpg?stp=dst-jpg_s150x150&_nc_ht=scontent-lga3-1.cdninstagram.com&_nc_cat=108&_nc_ohc=L4_FRJ-oBIAQ7kNvgFyIJLJ&edm=APQMUHMBAAAA&ccb=7-5&oh=00_AYBEeOatdmQ_S00rchTBu4SPHflHiZ7wMA5V12r1c5xtsg&oe=666E6FC3&_nc_sid=6ff7c8",
      "is_verified": false,
      "has_anonymous_profile_picture": false,
      "account_badges": [],
      "latest_reel_media": 0
    },
    {
      "pk": "39461616037",
      "pk_id": "39461616037",
      "id": "39461616037",
      "username": "tommymcmillanfishing",
      "full_name": "Tommy Mcmillan",
      "is_private": false,
      "fbid_v2": "17841439361122702",
      "third_party_downloads_enabled": 0,
      "strong_id__": "39461616037",
      "profile_pic_id": "2614162580301872142_39461616037",
      "profile_pic_url": "https://scontent-lga3-1.cdninstagram.com/v/t51.2885-19/210888455_170199681834743_3083505379942728365_n.jpg?stp=dst-jpg_s150x150&_nc_ht=scontent-lga3-1.cdninstagram.com&_nc_cat=111&_nc_ohc=kzUQa6BOVC4Q7kNvgF09Lof&edm=APQMUHMBAAAA&ccb=7-5&oh=00_AYClSI6h0Qskm6SCUjGImhKv_1xy2nXOK_sIF92xwYHX7w&oe=666E8722&_nc_sid=6ff7c8",
      "is_verified": false,
      "has_anonymous_profile_picture": false,
      "account_badges": [],
      "latest_reel_media": 0
    },
    {
      "pk": "1371872732",
      "pk_id": "1371872732",
      "id": "1371872732",
      "username": "drawdoggolf",
      "full_name": "DRAWDOGGOLF",
      "is_private": false,
      "fbid_v2": "17841400981981435",
      "third_party_downloads_enabled": 1,
      "strong_id__": "1371872732",
      "profile_pic_id": "3352451179387478531_1371872732",
      "profile_pic_url": "https://scontent-lga3-1.cdninstagram.com/v/t51.2885-19/439532181_2122398608143994_2832805234329077824_n.jpg?stp=dst-jpg_s150x150&_nc_ht=scontent-lga3-1.cdninstagram.com&_nc_cat=102&_nc_ohc=CZXmtCAlhJAQ7kNvgFylSHS&edm=APQMUHMBAAAA&ccb=7-5&oh=00_AYCLz9cf5Av8k435kBkumZTIXy27qyqtpTtyo7W9UySRSw&oe=666E63CD&_nc_sid=6ff7c8",
      "is_verified": false,
      "has_anonymous_profile_picture": false,
      "account_badges": [],
      "latest_reel_media": 1718133317
    },
    {
      "pk": "67058854689",
      "pk_id": "67058854689",
      "id": "67058854689",
      "username": "ryp_gbc",
      "full_name": "",
      "is_private": true,
      "fbid_v2": "17841467160682356",
      "third_party_downloads_enabled": 0,
      "strong_id__": "67058854689",
      "profile_pic_url": "https://instagram.fayt1-1.fna.fbcdn.net/v/t51.2885-19/44884218_345707102882519_2446069589734326272_n.jpg?_nc_ht=instagram.fayt1-1.fna.fbcdn.net&_nc_cat=1&_nc_ohc=AmQvQC__QvEQ7kNvgE2WAdz&edm=AJ9x6zYBAAAA&ccb=7-5&ig_cache_key=YW5vbnltb3VzX3Byb2ZpbGVfcGlj.2-ccb7-5&oh=00_AYBdfBJa9IEsq0BoESrYrUmuCzg2AqemNLXdIFawtZguAw&oe=666E82CF&_nc_sid=65462d",
      "is_verified": false,
      "has_anonymous_profile_picture": true,
      "account_badges": [],
      "latest_reel_media": 0
    },
    {
      "pk": "67445588481",
      "pk_id": "67445588481",
      "id": "67445588481",
      "username": "susanc.holmes",
      "full_name": "Susan C. Holmes",
      "is_private": false,
      "fbid_v2": "17841467574430698",
      "third_party_downloads_enabled": 0,
      "strong_id__": "67445588481",
      "profile_pic_url": "https://instagram.fayt1-1.fna.fbcdn.net/v/t51.2885-19/44884218_345707102882519_2446069589734326272_n.jpg?_nc_ht=instagram.fayt1-1.fna.fbcdn.net&_nc_cat=1&_nc_ohc=AmQvQC__QvEQ7kNvgE2WAdz&edm=AJ9x6zYBAAAA&ccb=7-5&ig_cache_key=YW5vbnltb3VzX3Byb2ZpbGVfcGlj.2-ccb7-5&oh=00_AYBdfBJa9IEsq0BoESrYrUmuCzg2AqemNLXdIFawtZguAw&oe=666E82CF&_nc_sid=65462d",
      "is_verified": false,
      "has_anonymous_profile_picture": true,
      "account_badges": [],
      "latest_reel_media": 0
    },
    {
      "pk": "67085100397",
      "pk_id": "67085100397",
      "id": "67085100397",
      "username": "johnnya.davenport",
      "full_name": "Johnny A. Davenport",
      "is_private": false,
      "fbid_v2": "17841467091925637",
      "third_party_downloads_enabled": 0,
      "strong_id__": "67085100397",
      "profile_pic_url": "https://instagram.fayt1-1.fna.fbcdn.net/v/t51.2885-19/44884218_345707102882519_2446069589734326272_n.jpg?_nc_ht=instagram.fayt1-1.fna.fbcdn.net&_nc_cat=1&_nc_ohc=AmQvQC__QvEQ7kNvgE2WAdz&edm=AJ9x6zYBAAAA&ccb=7-5&ig_cache_key=YW5vbnltb3VzX3Byb2ZpbGVfcGlj.2-ccb7-5&oh=00_AYBdfBJa9IEsq0BoESrYrUmuCzg2AqemNLXdIFawtZguAw&oe=666E82CF&_nc_sid=65462d",
      "is_verified": false,
      "has_anonymous_profile_picture": true,
      "account_badges": [],
      "latest_reel_media": 0
    },
    {
      "pk": "66908750897",
      "pk_id": "66908750897",
      "id": "66908750897",
      "username": "williamm.blanding",
      "full_name": "William M. Blanding",
      "is_private": false,
      "fbid_v2": "17841466926933593",
      "third_party_downloads_enabled": 0,
      "strong_id__": "66908750897",
      "profile_pic_url": "https://instagram.fayt1-1.fna.fbcdn.net/v/t51.2885-19/44884218_345707102882519_2446069589734326272_n.jpg?_nc_ht=instagram.fayt1-1.fna.fbcdn.net&_nc_cat=1&_nc_ohc=AmQvQC__QvEQ7kNvgE2WAdz&edm=AJ9x6zYBAAAA&ccb=7-5&ig_cache_key=YW5vbnltb3VzX3Byb2ZpbGVfcGlj.2-ccb7-5&oh=00_AYBdfBJa9IEsq0BoESrYrUmuCzg2AqemNLXdIFawtZguAw&oe=666E82CF&_nc_sid=65462d",
      "is_verified": false,
      "has_anonymous_profile_picture": true,
      "account_badges": [],
      "latest_reel_media": 0
    },
    {
      "pk": "67062486565",
      "pk_id": "67062486565",
      "id": "67062486565",
      "username": "matthewr.myles",
      "full_name": "Matthew R. Myles",
      "is_private": false,
      "fbid_v2": "17841467156962810",
      "third_party_downloads_enabled": 0,
      "strong_id__": "67062486565",
      "profile_pic_url": "https://instagram.fayt1-1.fna.fbcdn.net/v/t51.2885-19/44884218_345707102882519_2446069589734326272_n.jpg?_nc_ht=instagram.fayt1-1.fna.fbcdn.net&_nc_cat=1&_nc_ohc=AmQvQC__QvEQ7kNvgE2WAdz&edm=AJ9x6zYBAAAA&ccb=7-5&ig_cache_key=YW5vbnltb3VzX3Byb2ZpbGVfcGlj.2-ccb7-5&oh=00_AYBdfBJa9IEsq0BoESrYrUmuCzg2AqemNLXdIFawtZguAw&oe=666E82CF&_nc_sid=65462d",
      "is_verified": false,
      "has_anonymous_profile_picture": true,
      "account_badges": [],
      "latest_reel_media": 0
    },
    {
      "pk": "53929931627",
      "pk_id": "53929931627",
      "id": "53929931627",
      "username": "alirohait",
      "full_name": "Rohit Khan",
      "is_private": false,
      "fbid_v2": "17841453868831241",
      "third_party_downloads_enabled": 1,
      "strong_id__": "53929931627",
      "profile_pic_id": "3366484409617239961_53929931627",
      "profile_pic_url": "https://scontent-lga3-2.cdninstagram.com/v/t51.2885-19/442994048_1137346914240277_1437316905537322892_n.jpg?stp=dst-jpg_s150x150&_nc_ht=scontent-lga3-2.cdninstagram.com&_nc_cat=101&_nc_ohc=E7Yk_IQ4oqUQ7kNvgExE24E&edm=APQMUHMBAAAA&ccb=7-5&oh=00_AYBURhZgaOaALfL1A5Pmy0gH7m5h8WTLfB55y-tKAAI0Og&oe=666E75B2&_nc_sid=6ff7c8",
      "is_verified": false,
      "has_anonymous_profile_picture": false,
      "account_badges": [],
      "latest_reel_media": 0
    },
    {
      "pk": "67120776145",
      "pk_id": "67120776145",
      "id": "67120776145",
      "username": "brooks.t09",
      "full_name": "Brooks Taylor",
      "is_private": false,
      "fbid_v2": "17841466964370097",
      "third_party_downloads_enabled": 0,
      "strong_id__": "67120776145",
      "profile_pic_id": "3386032252012542923_67120776145",
      "profile_pic_url": "https://scontent-lga3-2.cdninstagram.com/v/t51.2885-19/448040505_451052880964003_5764690958128176312_n.jpg?stp=dst-jpg_s150x150&_nc_ht=scontent-lga3-2.cdninstagram.com&_nc_cat=107&_nc_ohc=EOF0FVk__5gQ7kNvgGQxlVP&edm=APQMUHMBAAAA&ccb=7-5&oh=00_AYBr2yj-bmx1SsJSFpf0qgiDf5BIbb0ECFF8uM_TDFlX3g&oe=666E872C&_nc_sid=6ff7c8",
      "is_verified": false,
      "has_anonymous_profile_picture": false,
      "account_badges": [],
      "latest_reel_media": 0
    },
    {
      "pk": "61899178942",
      "pk_id": "61899178942",
      "id": "61899178942",
      "username": "rohit_sharma_pure",
      "full_name": "",
      "is_private": false,
      "fbid_v2": "17841461768287397",
      "third_party_downloads_enabled": 0,
      "strong_id__": "61899178942",
      "profile_pic_id": "3366329002586555757_61899178942",
      "profile_pic_url": "https://scontent-lga3-1.cdninstagram.com/v/t51.2885-19/443240010_1893026581168354_4609231600816882621_n.jpg?stp=dst-jpg_s150x150&_nc_ht=scontent-lga3-1.cdninstagram.com&_nc_cat=110&_nc_ohc=JuaJrsXggl4Q7kNvgGTgdI4&edm=APQMUHMBAAAA&ccb=7-5&oh=00_AYBp3peTvkmwXc28JuNzpyvo1tjcsICE8C3uTq0dPBbeEg&oe=666E644B&_nc_sid=6ff7c8",
      "is_verified": false,
      "has_anonymous_profile_picture": false,
      "account_badges": [],
      "latest_reel_media": 0
    },
    {
      "pk": "66929540544",
      "pk_id": "66929540544",
      "id": "66929540544",
      "username": "anjidarkis",
      "full_name": "anji darkis",
      "is_private": false,
      "fbid_v2": "17841466856346192",
      "third_party_downloads_enabled": 0,
      "strong_id__": "66929540544",
      "profile_pic_id": "3387228681193046734_66929540544",
      "profile_pic_url": "https://scontent-lga3-2.cdninstagram.com/v/t51.2885-19/448078042_992347042569045_4341848971424836723_n.jpg?stp=dst-jpg_s150x150&_nc_ht=scontent-lga3-2.cdninstagram.com&_nc_cat=109&_nc_ohc=hGHgW0LJKBIQ7kNvgHZE5gx&edm=APQMUHMBAAAA&ccb=7-5&oh=00_AYCPc-dWcihS4QWXH9YD0mnvHa2v6WH8NcLtlPva0mz6Dg&oe=666E6BED&_nc_sid=6ff7c8",
      "is_verified": false,
      "has_anonymous_profile_picture": false,
      "account_badges": [],
      "latest_reel_media": 0
    },
    {
      "pk": "67018613267",
      "pk_id": "67018613267",
      "id": "67018613267",
      "username": "par.tar.golf",
      "full_name": "PAR.TAR.GOLF",
      "is_private": false,
      "fbid_v2": "17841467118017326",
      "third_party_downloads_enabled": 0,
      "strong_id__": "67018613267",
      "profile_pic_id": "3380548007379342798_67018613267",
      "profile_pic_url": "https://scontent-lga3-1.cdninstagram.com/v/t51.2885-19/447104109_783493740551526_8906335584969940263_n.jpg?stp=dst-jpg_s150x150&_nc_ht=scontent-lga3-1.cdninstagram.com&_nc_cat=106&_nc_ohc=MLLJZ4SnuE0Q7kNvgGBAINx&edm=APQMUHMBAAAA&ccb=7-5&oh=00_AYC4oftGaJzIY0E0CuVNt67H9gYMXsNTT3_zeGHLznoZyg&oe=666E7617&_nc_sid=6ff7c8",
      "is_verified": false,
      "has_anonymous_profile_picture": false,
      "account_badges": [],
      "latest_reel_media": 1718134100
    },
    {
      "pk": "65793599190",
      "pk_id": "65793599190",
      "id": "65793599190",
      "username": "xlauraaaa.g",
      "full_name": "Laura Gieczewska",
      "is_private": true,
      "fbid_v2": "17841465975704199",
      "third_party_downloads_enabled": 0,
      "strong_id__": "65793599190",
      "profile_pic_id": "3388161130397689842_65793599190",
      "profile_pic_url": "https://scontent-lga3-2.cdninstagram.com/v/t51.2885-19/448185902_1158213178551307_7543860350682736289_n.jpg?stp=dst-jpg_s150x150&_nc_ht=scontent-lga3-2.cdninstagram.com&_nc_cat=107&_nc_ohc=nl6SdvyOkOoQ7kNvgGLhJzG&edm=APQMUHMBAAAA&ccb=7-5&oh=00_AYBG9W2h-_DDcXkPkyhYQehJ9TbtjGPhV31vZP0IWxcOLA&oe=666E939A&_nc_sid=6ff7c8",
      "is_verified": false,
      "has_anonymous_profile_picture": false,
      "account_badges": [],
      "latest_reel_media": 0
    },
    {
      "pk": "57207380794",
      "pk_id": "57207380794",
      "id": "57207380794",
      "username": "yasmeencripps",
      "full_name": "Yasmeen Cripps",
      "is_private": true,
      "fbid_v2": "17841457263830922",
      "third_party_downloads_enabled": 0,
      "strong_id__": "57207380794",
      "profile_pic_id": "3223952124676312787_57207380794",
      "profile_pic_url": "https://scontent-lga3-1.cdninstagram.com/v/t51.2885-19/397220929_840238087548791_8671881013160672827_n.jpg?stp=dst-jpg_s150x150&_nc_ht=scontent-lga3-1.cdninstagram.com&_nc_cat=111&_nc_ohc=31Nale1QqdYQ7kNvgFmkMbe&edm=APQMUHMBAAAA&ccb=7-5&oh=00_AYA6ISeomqxb3g6g-Q1PNPY0s9exOQnIoxqvktY40wiXtQ&oe=666E8919&_nc_sid=6ff7c8",
      "is_verified": false,
      "has_anonymous_profile_picture": false,
      "account_badges": [],
      "latest_reel_media": 0
    },
    {
      "pk": "66034838745",
      "pk_id": "66034838745",
      "id": "66034838745",
      "username": "carterpaq3",
      "full_name": "Carter Paquin",
      "is_private": false,
      "fbid_v2": "17841466202354354",
      "third_party_downloads_enabled": 0,
      "strong_id__": "66034838745",
      "profile_pic_id": "3340596318744136430_66034838745",
      "profile_pic_url": "https://scontent-lga3-2.cdninstagram.com/v/t51.2885-19/435453205_2058949167960739_1250875424700370415_n.jpg?stp=dst-jpg_s150x150&_nc_ht=scontent-lga3-2.cdninstagram.com&_nc_cat=107&_nc_ohc=ajMFSN05_7wQ7kNvgGxeo4T&edm=APQMUHMBAAAA&ccb=7-5&oh=00_AYDsQ8xBwkiOlX3-NI9VGbwv_y2UK-JRvgSMJqp0xVdoIw&oe=666E6E72&_nc_sid=6ff7c8",
      "is_verified": false,
      "has_anonymous_profile_picture": false,
      "account_badges": [],
      "latest_reel_media": 0
    },
    {
      "pk": "66703385819",
      "pk_id": "66703385819",
      "id": "66703385819",
      "username": "jman1_2345678",
      "full_name": "Joseph Parker",
      "is_private": true,
      "fbid_v2": "17841466534597923",
      "third_party_downloads_enabled": 0,
      "strong_id__": "66703385819",
      "profile_pic_url": "https://instagram.fayt1-1.fna.fbcdn.net/v/t51.2885-19/44884218_345707102882519_2446069589734326272_n.jpg?_nc_ht=instagram.fayt1-1.fna.fbcdn.net&_nc_cat=1&_nc_ohc=AmQvQC__QvEQ7kNvgE2WAdz&edm=AJ9x6zYBAAAA&ccb=7-5&ig_cache_key=YW5vbnltb3VzX3Byb2ZpbGVfcGlj.2-ccb7-5&oh=00_AYBdfBJa9IEsq0BoESrYrUmuCzg2AqemNLXdIFawtZguAw&oe=666E82CF&_nc_sid=65462d",
      "is_verified": false,
      "has_anonymous_profile_picture": true,
      "account_badges": [],
      "latest_reel_media": 0
    },
    {
      "pk": "59168855044",
      "pk_id": "59168855044",
      "id": "59168855044",
      "username": "vhoanganh_196",
      "full_name": "Hoang Anh",
      "is_private": true,
      "fbid_v2": "17841459251336106",
      "third_party_downloads_enabled": 0,
      "strong_id__": "59168855044",
      "profile_pic_url": "https://instagram.fayt1-1.fna.fbcdn.net/v/t51.2885-19/44884218_345707102882519_2446069589734326272_n.jpg?_nc_ht=instagram.fayt1-1.fna.fbcdn.net&_nc_cat=1&_nc_ohc=AmQvQC__QvEQ7kNvgE2WAdz&edm=AJ9x6zYBAAAA&ccb=7-5&ig_cache_key=YW5vbnltb3VzX3Byb2ZpbGVfcGlj.2-ccb7-5&oh=00_AYBdfBJa9IEsq0BoESrYrUmuCzg2AqemNLXdIFawtZguAw&oe=666E82CF&_nc_sid=65462d",
      "is_verified": false,
      "has_anonymous_profile_picture": true,
      "account_badges": [],
      "latest_reel_media": 0
    }
  ],
  "big_list": true,
  "page_size": 25,
  "next_max_id": "25",
  "has_more": false,
  "should_limit_list_of_followers": false,
  "use_clickable_see_more": true,
  "show_spam_follow_request_tab": false,
  "status": "ok"
}
